{"cameraMode":{"drawMode":0,"name":"Shaded","section":"Shading Mode"},"sceneLighting":true,"audioPlay":false,"sceneViewState":{"m_AlwaysRefresh":false,"showFog":true,"showSkybox":true,"showFlares":true,"showImageEffects":true,"showParticleSystems":true,"showVisualEffectGraphs":true,"m_FxEnabled":true},"in2DMode":false,"pivot":{"x":-1.2338228225708008,"y":5.070898056030273,"z":-2.642482280731201},"rotation":{"x":-0.032348595559597018,"y":0.8576797246932983,"z":-0.054372090846300128,"w":-0.5102778673171997},"size":8.918020248413086,"orthographic":false}